"pga_tournament_id","pga_tournament_name","year","pga_course_name","dg_event_id","dg_event_name","dg_course_name","match_method"
"R2021464","Safeway Open",2021,"Silverado Resort (North Course)",NA,NA,NA,"unmatched"
"R2021026","U.S. Open (2020)",2021,"Winged Foot Golf Club",535,"U.S. Open #2","Torrey Pines (South)","partial_name_year"
"R2021522","Corales Puntacana Resort & Club Championship (2020)",2021,"Puntacana Resort & Club (Corales Golf Course)",534,"Corales Puntacana Resort & Club Championship #2","Corales Golf Club","partial_name_year"
"R2021054","Sanderson Farms Championship",2021,"The Country Club of Jackson",54,"Sanderson Farms Championship","Country Club of Jackson","exact_name_year"
"R2021047","Shriners Hospitals for Children Open",2021,"TPC Summerlin",NA,NA,NA,"unmatched"
"R2021521","THE CJ CUP @ SHADOW CREEK",2021,"Shadow Creek Golf Course",NA,NA,NA,"unmatched"
"R2021527","ZOZO CHAMPIONSHIP @ SHERWOOD",2021,"Sherwood Country Club",527,"ZOZO CHAMPIONSHIP","Accordia Golf Narashino CC","partial_name_year"
"R2021528","Bermuda Championship",2021,"Port Royal Golf Course",528,"Butterfield Bermuda Championship","Port Royal Golf Course","partial_name_year"
"R2021020","Vivint Houston Open",2021,"Memorial Park Golf Course",NA,NA,NA,"unmatched"
"R2021014","Masters Tournament (2020)",2021,"Augusta National Golf Club",NA,NA,NA,"unmatched"
"R2021493","The RSM Classic",2021,"Sea Island Golf Club (Seaside Course)",493,"The RSM Classic","Sea Island GC (Plantation)","exact_name_year"
"R2021457","Mayakoba Golf Classic presented by UNIFIN",2021,"El Camaleón Golf Course at Mayakoba",NA,NA,NA,"unmatched"
"R2021058","QBE Shootout",2021,"Tiburón Golf Course",NA,NA,NA,"unmatched"
"R2021016","Sentry Tournament of Champions",2021,"Plantation Course at Kapalua",16,"Sentry Tournament of Champions","Plantation Course at Kapalua","exact_name_year"
"R2021006","Sony Open in Hawaii",2021,"Waialae Country Club",6,"Sony Open in Hawaii","Waialae Country Club","exact_name_year"
"R2021002","The American Express",2021,"Pete Dye Stadium Course",2,"The American Express","Stadium Course","exact_name_year"
"R2021004","Farmers Insurance Open",2021,"Torrey Pines Golf Course (South Course)",4,"Farmers Insurance Open","Torrey Pines GC (North)","exact_name_year"
"R2021003","Waste Management Phoenix Open",2021,"TPC Scottsdale (Stadium Course)",3,"Waste Management Phoenix Open","TPC Scottsdale","exact_name_year"
"R2021005","AT&T Pebble Beach Pro-Am",2021,"Pebble Beach Golf Links",5,"AT&T Pebble Beach Pro-Am","Spyglass Hill Golf Course","exact_name_year"
"R2021007","The Genesis Invitational",2021,"The Riviera Country Club",7,"The Genesis Invitational","The Riviera Country Club","exact_name_year"
"R2021473","World Golf Championships-Workday Championship at The Concession",2021,"The Concession Golf Club",473,"World Golf Championships-Workday Championship at The Concession","The Concession Golf Club","exact_name_year"
"R2021483","Puerto Rico Open",2021,"Grand Reserve Golf Club",483,"Puerto Rico Open","Grand Reserve Country Club","exact_name_year"
"R2021009","Arnold Palmer Invitational presented by Mastercard",2021,"Arnold Palmer's Bay Hill Club & Lodge",9,"Arnold Palmer Invitational presented by Mastercard","Bay Hill Club & Lodge","exact_name_year"
"R2021011","THE PLAYERS Championship",2021,"TPC Sawgrass (THE PLAYERS Stadium Course)",11,"THE PLAYERS Championship","TPC Sawgrass","exact_name_year"
"R2021010","The Honda Classic",2021,"PGA National Resort (The Champion)",10,"The Honda Classic","PGA National (Champion)","exact_name_year"
"R2021470","World Golf Championships-Dell Technologies Match Play",2021,"Austin Country Club",NA,NA,NA,"unmatched"
"R2021534","Corales Puntacana Resort & Club Championship (2021)",2021,"Puntacana Resort & Club (Corales Golf Course)",534,"Corales Puntacana Resort & Club Championship #2","Corales Golf Club","partial_name_year"
"R2021041","Valero Texas Open",2021,"TPC San Antonio (Oaks Course)",41,"Valero Texas Open","TPC San Antonio (Oaks Course)","exact_name_year"
"R2021536","Masters Tournament (2021)",2021,"Augusta National Golf Club",NA,NA,NA,"unmatched"
"R2021012","RBC Heritage",2021,"Harbour Town Golf Links",12,"RBC Heritage","Harbour Town Golf Links","exact_name_year"
"R2021018","Zurich Classic of New Orleans",2021,"TPC Louisiana",NA,NA,NA,"unmatched"
"R2021475","Valspar Championship",2021,"Innisbrook Resort (Copperhead Course)",475,"Valspar Championship","Innisbrook Resort (Copperhead)","exact_name_year"
"R2021480","Wells Fargo Championship",2021,"Quail Hollow Club",480,"Wells Fargo Championship","Quail Hollow Club","exact_name_year"
"R2021019","AT&T Byron Nelson",2021,"TPC Craig Ranch",19,"AT&T Byron Nelson","TPC Craig Ranch","exact_name_year"
"R2021033","PGA Championship",2021,"Ocean Course at Kiawah Island",33,"PGA Championship","Ocean Course at Kiawah Island","exact_name_year"
"R2021021","Charles Schwab Challenge",2021,"Colonial Country Club",21,"Charles Schwab Challenge","Colonial Country Club","exact_name_year"
"R2021023","the Memorial Tournament presented by Nationwide",2021,"Muirfield Village Golf Club",23,"the Memorial Tournament presented by Nationwide","Muirfield Village Golf Club","exact_name_year"
"R2021538","Palmetto Championship at Congaree",2021,"Congaree Golf Club",538,"Palmetto Championship at Congaree","Congaree Golf Club","exact_name_year"
"R2021535","U.S. Open (2021)",2021,"Torrey Pines (South)",535,"U.S. Open #2","Torrey Pines (South)","partial_name_year"
"R2021034","Travelers Championship",2021,"TPC River Highlands",34,"Travelers Championship","TPC River Highlands","exact_name_year"
"R2021524","Rocket Mortgage Classic",2021,"Detroit Golf Club",524,"Rocket Mortgage Classic","Detroit Golf Club","exact_name_year"
"R2021030","John Deere Classic",2021,"TPC Deere Run",30,"John Deere Classic","TPC Deere Run","exact_name_year"
"R2021100","The Open Championship",2021,"Royal St. George's GC",100,"The Open Championship","Royal St. George's GC","exact_name_year"
"R2021518","Barbasol Championship",2021,"Keene Trace Golf Club (Champion Trace)",518,"Barbasol Championship","Keene Trace Golf Club","exact_name_year"
"R2021525","3M Open",2021,"TPC Twin Cities",525,"3M Open","TPC Twin Cities","exact_name_year"
"R2021519","Olympic Men's Golf Competition",2021,"Kasumigaseki Country Club",519,"Olympic Men's Golf Competition","Kasumigaseki Country Club","exact_name_year"
"R2021476","World Golf Championships-FedEx St. Jude Invitational",2021,"TPC Southwind",476,"World Golf Championships-FedEx St. Jude Invitational","TPC Southwind","exact_name_year"
"R2021472","Barracuda Championship",2021,"Tahoe Mountain Club (Old Greenwood)",472,"Barracuda Championship","Tahoe Mt. Club (Old Greenwood)","exact_name_year"
"R2021013","Wyndham Championship",2021,"Sedgefield Country Club",13,"Wyndham Championship","Sedgefield Country Club","exact_name_year"
"R2021027","THE NORTHERN TRUST",2021,"Liberty National Golf Club",27,"THE NORTHERN TRUST","Liberty National Golf Club","exact_name_year"
"R2021028","BMW Championship",2021,"Caves Valley Golf Club",28,"BMW Championship","Caves Valley Golf Club","exact_name_year"
"R2021060","TOUR Championship",2021,"East Lake Golf Club",60,"TOUR Championship","East Lake Golf Club","exact_name_year"
"R2022464","Fortinet Championship",2022,"Silverado Resort (North Course)",464,"Fortinet Championship","Silverado Resort and Spa (North Course)","exact_name_year"
"R2022468","Ryder Cup",2022,"Whistling Straits",NA,NA,NA,"unmatched"
"R2022054","Sanderson Farms Championship",2022,"The Country Club of Jackson",54,"Sanderson Farms Championship","The Country Club of Jackson","exact_name_year"
"R2022047","Shriners Children's Open",2022,"TPC Summerlin",47,"Shriners Children's Open","TPC Summerlin","exact_name_year"
"R2022521","THE CJ CUP @ SUMMIT",2022,"The Summit Club",NA,NA,NA,"unmatched"
"R2022527","ZOZO CHAMPIONSHIP",2022,"ACCORDIA GOLF Narashino Country Club",527,"ZOZO CHAMPIONSHIP","Accordia Golf Narashino Country Club","exact_name_year"
"R2022528","Butterfield Bermuda Championship",2022,"Port Royal Golf Course",528,"Butterfield Bermuda Championship","Port Royal Golf Course","exact_name_year"
"R2022457","World Wide Technology Championship at Mayakoba",2022,"El Camaleón Golf Course at Mayakoba",457,"World Wide Technology Championship at Mayakoba","El Camaleón Golf Course at Mayakoba","exact_name_year"
"R2022020","Hewlett Packard Enterprise Houston Open",2022,"Memorial Park Golf Course",NA,NA,NA,"unmatched"
"R2022493","The RSM Classic",2022,"Sea Island Golf Club (Seaside Course)",493,"The RSM Classic","Sea Island Golf Club (Seaside)","exact_name_year"
"R2022478","Hero World Challenge",2022,"Albany GC",478,"Hero World Challenge","Albany, Bahamas","exact_name_year"
"R2022058","QBE Shootout",2022,"Tiburón Golf Course",NA,NA,NA,"unmatched"
"R2022016","Sentry Tournament of Champions",2022,"Plantation Course at Kapalua",16,"Sentry Tournament of Champions","Plantation Course at Kapalua","exact_name_year"
"R2022006","Sony Open in Hawaii",2022,"Waialae Country Club",6,"Sony Open in Hawaii","Waialae Country Club","exact_name_year"
"R2022002","The American Express",2022,"Pete Dye Stadium Course",2,"The American Express","La Quinta Country Club","exact_name_year"
"R2022004","Farmers Insurance Open",2022,"Torrey Pines Golf Course (South Course)",4,"Farmers Insurance Open","Torrey Pines (South)","exact_name_year"
"R2022005","AT&T Pebble Beach Pro-Am",2022,"Pebble Beach Golf Links",5,"AT&T Pebble Beach Pro-Am","Spyglass Hill Golf Course","exact_name_year"
"R2022003","WM Phoenix Open",2022,"TPC Scottsdale (Stadium Course)",3,"WM Phoenix Open","TPC Scottsdale","exact_name_year"
"R2022007","The Genesis Invitational",2022,"The Riviera Country Club",7,"The Genesis Invitational","The Riviera Country Club","exact_name_year"
"R2022010","The Honda Classic",2022,"PGA National Resort (The Champion)",10,"The Honda Classic","PGA National (Champion)","exact_name_year"
"R2022009","Arnold Palmer Invitational presented by Mastercard",2022,"Arnold Palmer's Bay Hill Club & Lodge",9,"Arnold Palmer Invitational presented by Mastercard","Bay Hill Club & Lodge","exact_name_year"
"R2022483","Puerto Rico Open",2022,"Grand Reserve Golf Club",483,"Puerto Rico Open","Grand Reserve Golf Club","exact_name_year"
"R2022011","THE PLAYERS Championship",2022,"TPC Sawgrass (THE PLAYERS Stadium Course)",11,"THE PLAYERS Championship","TPC Sawgrass","exact_name_year"
"R2022475","Valspar Championship",2022,"Innisbrook Resort (Copperhead Course)",475,"Valspar Championship","Innisbrook Resort (Copperhead)","exact_name_year"
"R2022470","World Golf Championships-Dell Technologies Match Play",2022,"Austin Country Club",NA,NA,NA,"unmatched"
"R2022522","Corales Puntacana Championship",2022,"Puntacana Resort & Club (Corales Golf Course)",522,"Corales Puntacana Championship","Corales Golf Club","exact_name_year"
"R2022041","Valero Texas Open",2022,"TPC San Antonio (Oaks Course)",41,"Valero Texas Open","TPC San Antonio (Oaks Course)","exact_name_year"
"R2022014","Masters Tournament",2022,"Augusta National Golf Club",14,"The Masters","Augusta National Golf Club","partial_name_year"
"R2022012","RBC Heritage",2022,"Harbour Town Golf Links",12,"RBC Heritage","Harbour Town Golf Links","exact_name_year"
"R2022018","Zurich Classic of New Orleans",2022,"TPC Louisiana",NA,NA,NA,"unmatched"
"R2022540","Mexico Open at Vidanta",2022,"Vidanta Vallarta",540,"Mexico Open at Vidanta","Vidanta Vallarta","exact_name_year"
"R2022480","Wells Fargo Championship",2022,"TPC Potomac at Avenel Farm",480,"Wells Fargo Championship","TPC Potomac at Avenel Farm","exact_name_year"
"R2022019","AT&T Byron Nelson",2022,"TPC Craig Ranch",19,"AT&T Byron Nelson","TPC Craig Ranch","exact_name_year"
"R2022033","PGA Championship",2022,"Southern Hills CC",33,"PGA Championship","Southern Hills Country Club","exact_name_year"
"R2022021","Charles Schwab Challenge",2022,"Colonial Country Club",21,"Charles Schwab Challenge","Colonial Country Club","exact_name_year"
"R2022023","the Memorial Tournament presented by Workday",2022,"Muirfield Village Golf Club",23,"the Memorial Tournament presented by Workday","Muirfield Village Golf Club","exact_name_year"
"R2022032","RBC Canadian Open",2022,"St. George's G&CC",32,"RBC Canadian Open","St. George's G&CC","exact_name_year"
"R2022026","U.S. Open",2022,"The Country Club",26,"U.S. Open","The Country Club","exact_name_year"
"R2022034","Travelers Championship",2022,"TPC River Highlands",34,"Travelers Championship","TPC River Highlands","exact_name_year"
"R2022030","John Deere Classic",2022,"TPC Deere Run",30,"John Deere Classic","TPC Deere Run","exact_name_year"
"R2022541","Genesis Scottish Open",2022,"The Renaissance Club",541,"Genesis Scottish Open","The Renaissance Club","exact_name_year"
"R2022518","Barbasol Championship",2022,"Keene Trace Golf Club (Champion Trace)",518,"Barbasol Championship","Keene Trace Golf Club","exact_name_year"
"R2022100","The Open Championship",2022,"St. Andrews GC (Old Course)",100,"The Open Championship","St. Andrews Links (Old Course)","exact_name_year"
"R2022472","Barracuda Championship",2022,"Tahoe Mountain Club (Old Greenwood)",472,"Barracuda Championship","Tahoe Mt. Club (Old Greenwood)","exact_name_year"
"R2022525","3M Open",2022,"TPC Twin Cities",525,"3M Open","TPC Twin Cities","exact_name_year"
"R2022524","Rocket Mortgage Classic",2022,"Detroit Golf Club",524,"Rocket Mortgage Classic","Detroit Golf Club","exact_name_year"
"R2022013","Wyndham Championship",2022,"Sedgefield Country Club",13,"Wyndham Championship","Sedgefield Country Club","exact_name_year"
"R2022027","FedEx St. Jude Championship",2022,"TPC Southwind",27,"FedEx St. Jude Championship","TPC Southwind","exact_name_year"
"R2022028","BMW Championship",2022,"Wilmington Country Club",28,"BMW Championship","Wilmington Country Club","exact_name_year"
"R2022060","TOUR Championship",2022,"East Lake Golf Club",60,"TOUR Championship","East Lake Golf Club","exact_name_year"
"R2023464","Fortinet Championship",2023,"Silverado Resort (North Course)",543,"Fortinet Championship #2","Silverado Resort (North Course)","partial_name_year"
"R2023500","Presidents Cup",2023,"Quail Hollow Club",NA,NA,NA,"unmatched"
"R2023054","Sanderson Farms Championship",2023,"The Country Club of Jackson",544,"Sanderson Farms Championship #2","The Country Club of Jackson","partial_name_year"
"R2023047","Shriners Children's Open",2023,"TPC Summerlin",545,"Shriners Children's Open #2","TPC Summerlin","partial_name_year"
"R2023527","ZOZO CHAMPIONSHIP",2023,"ACCORDIA GOLF Narashino Country Club",546,"ZOZO CHAMPIONSHIP #2","Accordia Golf Narashino Country Club","partial_name_year"
"R2023521","THE CJ CUP in South Carolina",2023,"Congaree Golf Club",NA,NA,NA,"unmatched"
"R2023528","Butterfield Bermuda Championship",2023,"Port Royal Golf Course",548,"Butterfield Bermuda Championship #2","Port Royal Golf Course","partial_name_year"
"R2023457","World Wide Technology Championship",2023,"El Camaleón Golf Course at Mayakoba",547,"World Wide Technology Championship #2","El Cardonal at Diamante","partial_name_year"
"R2023020","Cadence Bank Houston Open",2023,"Memorial Park Golf Course",NA,NA,NA,"unmatched"
"R2023493","The RSM Classic",2023,"Sea Island Golf Club (Seaside Course)",549,"The RSM Classic #2","Sea Island Golf Club (Plantation Course)","partial_name_year"
"R2023478","Hero World Challenge",2023,"Albany GC",550,"Hero World Challenge #2","Albany GC","partial_name_year"
"R2023058","QBE Shootout",2023,"Tiburón Golf Course",NA,NA,NA,"unmatched"
"R2023016","Sentry Tournament of Champions",2023,"Plantation Course at Kapalua",16,"Sentry Tournament of Champions","Plantation Course at Kapalua","exact_name_year"
"R2023006","Sony Open in Hawaii",2023,"Waialae Country Club",6,"Sony Open in Hawaii","Waialae Country Club","exact_name_year"
"R2023002","The American Express",2023,"Pete Dye Stadium Course",2,"The American Express","La Quinta Country Club","exact_name_year"
"R2023004","Farmers Insurance Open",2023,"Torrey Pines Golf Course (South Course)",4,"Farmers Insurance Open","Torrey Pines Golf Course (South Course)","exact_name_year"
"R2023005","AT&T Pebble Beach Pro-Am",2023,"Pebble Beach Golf Links",5,"AT&T Pebble Beach Pro-Am","Pebble Beach Golf Links","exact_name_year"
"R2023003","WM Phoenix Open",2023,"TPC Scottsdale (Stadium Course)",3,"WM Phoenix Open","TPC Scottsdale (Stadium Course)","exact_name_year"
"R2023007","The Genesis Invitational",2023,"The Riviera Country Club",7,"The Genesis Invitational","The Riviera Country Club","exact_name_year"
"R2023010","The Honda Classic",2023,"PGA National Resort (The Champion)",10,"The Honda Classic","PGA National Resort (The Champion)","exact_name_year"
"R2023009","Arnold Palmer Invitational presented by Mastercard",2023,"Arnold Palmer's Bay Hill Club & Lodge",9,"Arnold Palmer Invitational presented by Mastercard","Arnold Palmer's Bay Hill Club & Lodge","exact_name_year"
"R2023483","Puerto Rico Open",2023,"Grand Reserve Golf Club",483,"Puerto Rico Open","Grand Reserve Golf Club","exact_name_year"
"R2023011","THE PLAYERS Championship",2023,"TPC Sawgrass (THE PLAYERS Stadium Course)",11,"THE PLAYERS Championship","TPC Sawgrass (THE PLAYERS Stadium Course)","exact_name_year"
"R2023475","Valspar Championship",2023,"Innisbrook Resort (Copperhead Course)",475,"Valspar Championship","Innisbrook Resort (Copperhead Course)","exact_name_year"
"R2023470","World Golf Championships-Dell Technologies Match Play",2023,"Austin Country Club",NA,NA,NA,"unmatched"
"R2023522","Corales Puntacana Championship",2023,"Puntacana Resort & Club (Corales Golf Course)",522,"Corales Puntacana Championship","Puntacana Resort & Club (Corales Golf Course)","exact_name_year"
"R2023041","Valero Texas Open",2023,"TPC San Antonio (Oaks Course)",41,"Valero Texas Open","TPC San Antonio (Oaks Course)","exact_name_year"
"R2023014","Masters Tournament",2023,"Augusta National Golf Club",14,"Masters Tournament","Augusta National Golf Club","exact_name_year"
"R2023012","RBC Heritage",2023,"Harbour Town Golf Links",12,"RBC Heritage","Harbour Town Golf Links","exact_name_year"
"R2023018","Zurich Classic of New Orleans",2023,"TPC Louisiana",18,"Zurich Classic of New Orleans","TPC Louisiana","exact_name_year"
"R2023540","Mexico Open at Vidanta",2023,"Vidanta Vallarta",540,"Mexico Open at Vidanta","Vidanta Vallarta","exact_name_year"
"R2023480","Wells Fargo Championship",2023,"Quail Hollow Club",480,"Wells Fargo Championship","Quail Hollow Club","exact_name_year"
"R2023019","AT&T Byron Nelson",2023,"TPC Craig Ranch",19,"AT&T Byron Nelson","TPC Craig Ranch","exact_name_year"
"R2023033","PGA Championship",2023,"Oak Hill Country Club - East Course",33,"PGA Championship","Oak Hill Country Club","exact_name_year"
"R2023021","Charles Schwab Challenge",2023,"Colonial Country Club",21,"Charles Schwab Challenge","Colonial Country Club","exact_name_year"
"R2023023","the Memorial Tournament presented by Workday",2023,"Muirfield Village Golf Club",23,"the Memorial Tournament presented by Workday","Muirfield Village Golf Club","exact_name_year"
"R2023032","RBC Canadian Open",2023,"Oakdale Golf & Country Club",32,"RBC Canadian Open","Oakdale Golf & Country Club","exact_name_year"
"R2023026","U.S. Open",2023,"The Los Angeles Country Club (North Course)",26,"U.S. Open","The Los Angeles Country Club (North Course)","exact_name_year"
"R2023034","Travelers Championship",2023,"TPC River Highlands",34,"Travelers Championship","TPC River Highlands","exact_name_year"
"R2023524","Rocket Mortgage Classic",2023,"Detroit Golf Club",524,"Rocket Mortgage Classic","Detroit Golf Club","exact_name_year"
"R2023030","John Deere Classic",2023,"TPC Deere Run",30,"John Deere Classic","TPC Deere Run","exact_name_year"
"R2023541","Genesis Scottish Open",2023,"The Renaissance Club",541,"Genesis Scottish Open","The Renaissance Club","exact_name_year"
"R2023518","Barbasol Championship",2023,"Keene Trace Golf Club (Champion Trace)",518,"Barbasol Championship","Keene Trace Golf Club (Champions Course)","exact_name_year"
"R2023100","The Open Championship",2023,"Royal Liverpool",100,"The Open Championship","Royal Liverpool","exact_name_year"
"R2023472","Barracuda Championship",2023,"Tahoe Mountain Club (Old Greenwood)",472,"Barracuda Championship","Tahoe Mountain Club (Old Greenwood)","exact_name_year"
"R2023525","3M Open",2023,"TPC Twin Cities",525,"3M Open","TPC Twin Cities","exact_name_year"
"R2023013","Wyndham Championship",2023,"Sedgefield Country Club",13,"Wyndham Championship","Sedgefield Country Club","exact_name_year"
"R2023027","FedEx St. Jude Championship",2023,"TPC Southwind",27,"FedEx St. Jude Championship","TPC Southwind","exact_name_year"
"R2023028","BMW Championship",2023,"Olympia Fields Country Club (North Course)",28,"BMW Championship","Olympia Fields Country Club (North Course)","exact_name_year"
"R2023060","TOUR Championship",2023,"East Lake Golf Club",60,"TOUR Championship","East Lake Golf Club","exact_name_year"
"R2023543","Fortinet Championship",2023,"Silverado Resort (North Course)",543,"Fortinet Championship #2","Silverado Resort (North Course)","partial_name_year"
"R2023468","Ryder Cup",2023,"Marco Simone Golf & Country Club",NA,NA,NA,"unmatched"
"R2023544","Sanderson Farms Championship",2023,"The Country Club of Jackson",544,"Sanderson Farms Championship #2","The Country Club of Jackson","partial_name_year"
"R2023545","Shriners Children's Open",2023,"TPC Summerlin",545,"Shriners Children's Open #2","TPC Summerlin","partial_name_year"
"R2023546","ZOZO CHAMPIONSHIP",2023,"ACCORDIA GOLF Narashino Country Club",546,"ZOZO CHAMPIONSHIP #2","Accordia Golf Narashino Country Club","partial_name_year"
"R2023547","World Wide Technology Championship",2023,"El Cardonal at Diamante",547,"World Wide Technology Championship #2","El Cardonal at Diamante","partial_name_year"
"R2023548","Butterfield Bermuda Championship",2023,"Port Royal Golf Course",548,"Butterfield Bermuda Championship #2","Port Royal Golf Course","partial_name_year"
"R2023549","The RSM Classic",2023,"Sea Island Golf Club (Seaside Course)",549,"The RSM Classic #2","Sea Island Golf Club (Plantation Course)","partial_name_year"
"R2023550","Hero World Challenge",2023,"Albany GC",550,"Hero World Challenge #2","Albany GC","partial_name_year"
"R2023551","Grant Thornton Invitational",2023,"Tiburón Golf Club",NA,NA,NA,"unmatched"
"R2023088","PGA TOUR Q-School presented by Korn Ferry",2023,"Dye's Valley Course",88,"PGA TOUR Q-School presented by Korn Ferry","Dye's Valley Course","exact_name_year"
"R2024016","The Sentry",2024,"Plantation Course at Kapalua",16,"The Sentry","Plantation Course at Kapalua","exact_name_year"
"R2024006","Sony Open in Hawaii",2024,"Waialae Country Club",6,"Sony Open in Hawaii","Waialae Country Club","exact_name_year"
"R2024002","The American Express",2024,"Pete Dye Stadium Course",2,"The American Express","La Quinta Country Club","exact_name_year"
"R2024004","Farmers Insurance Open",2024,"Torrey Pines Golf Course (South Course)",4,"Farmers Insurance Open","Torrey Pines Golf Course (North Course)","exact_name_year"
"R2024005","AT&T Pebble Beach Pro-Am",2024,"Pebble Beach Golf Links",5,"AT&T Pebble Beach Pro-Am","Spyglass Hill Golf Course","exact_name_year"
"R2024003","WM Phoenix Open",2024,"TPC Scottsdale (Stadium Course)",3,"WM Phoenix Open","TPC Scottsdale (Stadium Course)","exact_name_year"
"R2024007","The Genesis Invitational",2024,"The Riviera Country Club",7,"The Genesis Invitational","The Riviera Country Club","exact_name_year"
"R2024540","Mexico Open at Vidanta",2024,"Vidanta Vallarta",540,"Mexico Open at Vidanta","Vidanta Vallarta","exact_name_year"
"R2024010","Cognizant Classic in The Palm Beaches",2024,"PGA National Resort (The Champion Course)",10,"Cognizant Classic in The Palm Beaches","PGA National Resort (The Champion)","exact_name_year"
"R2024009","Arnold Palmer Invitational presented by Mastercard",2024,"Arnold Palmer's Bay Hill Club & Lodge",9,"Arnold Palmer Invitational presented by Mastercard","Arnold Palmer's Bay Hill Club & Lodge","exact_name_year"
"R2024483","Puerto Rico Open",2024,"Grand Reserve Golf Club",483,"Puerto Rico Open","Grand Reserve Golf Club","exact_name_year"
"R2024011","THE PLAYERS Championship",2024,"TPC Sawgrass (THE PLAYERS Stadium Course)",11,"THE PLAYERS Championship","TPC Sawgrass (THE PLAYERS Stadium Course)","exact_name_year"
"R2024475","Valspar Championship",2024,"Innisbrook Resort (Copperhead Course)",475,"Valspar Championship","Innisbrook Resort (Copperhead Course)","exact_name_year"
"R2024020","Texas Children's Houston Open",2024,"Memorial Park Golf Course",20,"Texas Children's Houston Open","Memorial Park Golf Course","exact_name_year"
"R2024041","Valero Texas Open",2024,"TPC San Antonio (Oaks Course)",41,"Valero Texas Open","TPC San Antonio (Oaks Course)","exact_name_year"
"R2024014","Masters Tournament",2024,"Augusta National Golf Club",14,"Masters Tournament","Augusta National Golf Club","exact_name_year"
"R2024012","RBC Heritage",2024,"Harbour Town Golf Links",12,"RBC Heritage","Harbour Town Golf Links","exact_name_year"
"R2024522","Corales Puntacana Championship",2024,"Puntacana Resort & Club (Corales Golf Course)",522,"Corales Puntacana Championship","Puntacana Resort & Club (Corales Golf Course)","exact_name_year"
"R2024018","Zurich Classic of New Orleans",2024,"TPC Louisiana",NA,NA,NA,"unmatched"
"R2024019","THE CJ CUP Byron Nelson",2024,"TPC Craig Ranch",19,"THE CJ CUP Byron Nelson","TPC Craig Ranch","exact_name_year"
"R2024480","Wells Fargo Championship",2024,"Quail Hollow Club",480,"Wells Fargo Championship","Quail Hollow Club","exact_name_year"
"R2024553","Myrtle Beach Classic",2024,"Dunes Golf and Beach Club",553,"Myrtle Beach Classic","The Dunes Golf and Beach Club","exact_name_year"
"R2024033","PGA Championship",2024,"Valhalla Golf Club",33,"PGA Championship","Valhalla Golf Club","exact_name_year"
"R2024021","Charles Schwab Challenge",2024,"Colonial Country Club",21,"Charles Schwab Challenge","Colonial Country Club","exact_name_year"
"R2024032","RBC Canadian Open",2024,"Hamilton Golf & Country Club",32,"RBC Canadian Open","Hamilton Golf & Country Club","exact_name_year"
"R2024023","the Memorial Tournament presented by Workday",2024,"Muirfield Village Golf Club",23,"the Memorial Tournament presented by Workday","Muirfield Village Golf Club","exact_name_year"
"R2024026","U.S. Open",2024,"Pinehurst Resort & Country Club (Course No. 2)",26,"U.S. Open","Pinehurst Resort & Country Club (Course No. 2)","exact_name_year"
"R2024034","Travelers Championship",2024,"TPC River Highlands",34,"Travelers Championship","TPC River Highlands","exact_name_year"
"R2024524","Rocket Mortgage Classic",2024,"Detroit Golf Club",524,"Rocket Mortgage Classic","Detroit Golf Club","exact_name_year"
"R2024030","John Deere Classic",2024,"TPC Deere Run",30,"John Deere Classic","TPC Deere Run","exact_name_year"
"R2024541","Genesis Scottish Open",2024,"The Renaissance Club",541,"Genesis Scottish Open","The Renaissance Club","exact_name_year"
"R2024518","ISCO Championship",2024,"Keene Trace Golf Club (Champion Trace)",518,"ISCO Championship","Keene Trace Golf Club (Champion Trace)","exact_name_year"
"R2024100","The Open Championship",2024,"Royal Troon",100,"The Open Championship","Royal Troon","exact_name_year"
"R2024472","Barracuda Championship",2024,"Tahoe Mountain Club (Old Greenwood)",472,"Barracuda Championship","Tahoe Mountain Club (Old Greenwood)","exact_name_year"
"R2024525","3M Open",2024,"TPC Twin Cities",525,"3M Open","TPC Twin Cities","exact_name_year"
"R2024519","Men’s Olympic Golf Competition",2024,"Le Golf National",NA,NA,NA,"unmatched"
"R2024013","Wyndham Championship",2024,"Sedgefield Country Club",13,"Wyndham Championship","Sedgefield Country Club","exact_name_year"
"R2024027","FedEx St. Jude Championship",2024,"TPC Southwind",27,"FedEx St. Jude Championship","TPC Southwind","exact_name_year"
"R2024028","BMW Championship",2024,"Castle Pines Golf Club",28,"BMW Championship","Castle Pines Golf Club","exact_name_year"
"R2024060","TOUR Championship",2024,"East Lake Golf Club",60,"TOUR Championship","East Lake Golf Club","exact_name_year"
"R2024464","Procore Championship",2024,"Silverado Resort (North Course)",464,"Procore Championship","Silverado Resort (North Course)","exact_name_year"
"R2024500","Presidents Cup",2024,"The Royal Montreal GC",NA,NA,NA,"unmatched"
"R2024054","Sanderson Farms Championship",2024,"The Country Club of Jackson",54,"Sanderson Farms Championship","The Country Club of Jackson","exact_name_year"
"R2024554","Black Desert Championship",2024,"Black Desert Resort",554,"Black Desert Championship","Black Desert Resort","exact_name_year"
"R2024047","Shriners Children's Open",2024,"TPC Summerlin",47,"Shriners Children's Open","TPC Summerlin","exact_name_year"
"R2024527","ZOZO CHAMPIONSHIP",2024,"ACCORDIA GOLF Narashino Country Club",527,"ZOZO CHAMPIONSHIP","ACCORDIA GOLF Narashino Country Club","exact_name_year"
"R2024457","World Wide Technology Championship",2024,"El Cardonal at Diamante",457,"World Wide Technology Championship","El Cardonal at Diamante","exact_name_year"
"R2024528","Butterfield Bermuda Championship",2024,"Port Royal Golf Course",528,"Butterfield Bermuda Championship","Port Royal Golf Course","exact_name_year"
"R2024493","The RSM Classic",2024,"Sea Island Golf Club (Seaside Course)",493,"The RSM Classic","Sea Island Golf Club (Plantation Course)","exact_name_year"
"R2024478","Hero World Challenge",2024,"Albany GC",478,"Hero World Challenge","Albany GC","exact_name_year"
"R2024088","PGA TOUR Q-School presented by Korn Ferry",2024,"Dye's Valley Course",88,"PGA TOUR Q-School presented by Korn Ferry","Dye's Valley Course","exact_name_year"
"R2024551","Grant Thornton Invitational",2024,"Tiburón Golf Club",NA,NA,NA,"unmatched"
"R2025016","The Sentry",2025,"Plantation Course at Kapalua",16,"The Sentry","Plantation Course at Kapalua","exact_name_year"
"R2025006","Sony Open in Hawaii",2025,"Waialae Country Club",6,"Sony Open in Hawaii","Waialae Country Club","exact_name_year"
"R2025002","The American Express",2025,"Pete Dye Stadium Course",2,"The American Express","La Quinta Country Club","exact_name_year"
"R2025004","Farmers Insurance Open",2025,"Torrey Pines Golf Course (South Course)",4,"Farmers Insurance Open","Torrey Pines Golf Course (North Course)","exact_name_year"
"R2025005","AT&T Pebble Beach Pro-Am",2025,"Pebble Beach Golf Links",5,"AT&T Pebble Beach Pro-Am","Pebble Beach Golf Links","exact_name_year"
"R2025003","WM Phoenix Open",2025,"TPC Scottsdale (Stadium Course)",3,"WM Phoenix Open","TPC Scottsdale (Stadium Course)","exact_name_year"
"R2025007","The Genesis Invitational",2025,"Torrey Pines Golf Course (South Course)",7,"The Genesis Invitational","Torrey Pines Golf Course (South Course)","exact_name_year"
"R2025540","Mexico Open at VidantaWorld",2025,"Vidanta Vallarta",540,"Mexico Open at VidantaWorld","Vidanta Vallarta","exact_name_year"
"R2025010","Cognizant Classic in The Palm Beaches",2025,"PGA National Resort (The Champion Course)",10,"Cognizant Classic in The Palm Beaches","PGA National Resort (The Champion Course)","exact_name_year"
"R2025009","Arnold Palmer Invitational presented by Mastercard",2025,"Arnold Palmer's Bay Hill Club & Lodge",9,"Arnold Palmer Invitational presented by Mastercard","Arnold Palmer's Bay Hill Club & Lodge","exact_name_year"
"R2025483","Puerto Rico Open",2025,"Grand Reserve Golf Club",483,"Puerto Rico Open","Grand Reserve Golf Club","exact_name_year"
"R2025011","THE PLAYERS Championship",2025,"TPC Sawgrass (THE PLAYERS Stadium Course)",11,"THE PLAYERS Championship","TPC Sawgrass (THE PLAYERS Stadium Course)","exact_name_year"
"R2025475","Valspar Championship",2025,"Innisbrook Resort (Copperhead Course)",475,"Valspar Championship","Innisbrook Resort (Copperhead Course)","exact_name_year"
"R2025020","Texas Children's Houston Open",2025,"Memorial Park Golf Course",20,"Texas Children's Houston Open","Memorial Park Golf Course","exact_name_year"
"R2025041","Valero Texas Open",2025,"TPC San Antonio (Oaks Course)",41,"Valero Texas Open","TPC San Antonio (Oaks Course)","exact_name_year"
"R2025014","Masters Tournament",2025,"Augusta National Golf Club",14,"Masters Tournament","Augusta National Golf Club","exact_name_year"
"R2025012","RBC Heritage",2025,"Harbour Town Golf Links",12,"RBC Heritage","Harbour Town Golf Links","exact_name_year"
"R2025522","Corales Puntacana Championship",2025,"Puntacana Resort & Club (Corales Golf Course)",522,"Corales Puntacana Championship","Puntacana Resort (Corales Golf Course)","exact_name_year"
"R2025018","Zurich Classic of New Orleans",2025,"TPC Louisiana",18,"Zurich Classic of New Orleans","TPC Louisiana","exact_name_year"
"R2025019","THE CJ CUP Byron Nelson",2025,"TPC Craig Ranch",19,"THE CJ CUP Byron Nelson","TPC Craig Ranch","exact_name_year"
"R2025480","Truist Championship",2025,"The Philadelphia Cricket Club (Wissahickon Course)",480,"Truist Championship","The Philadelphia Cricket Club (Wissahickon Course)","exact_name_year"
"R2025553","ONEflight Myrtle Beach Classic",2025,"Dunes Golf and Beach Club",553,"ONEflight Myrtle Beach Classic","Dunes Golf and Beach Club","exact_name_year"
"R2025033","PGA Championship",2025,"Quail Hollow Club",33,"PGA Championship","Quail Hollow-PGA Championship","exact_name_year"
"R2025021","Charles Schwab Challenge",2025,"Colonial Country Club",21,"Charles Schwab Challenge","Colonial Country Club","exact_name_year"
"R2025023","the Memorial Tournament presented by Workday",2025,"Muirfield Village Golf Club",23,"the Memorial Tournament presented by Workday","Muirfield Village Golf Club","exact_name_year"
"R2025032","RBC Canadian Open",2025,"TPC Toronto at Osprey Valley (North Course)",32,"RBC Canadian Open","TPC Toronto at Osprey Valley (North Course)","exact_name_year"
"R2025026","U.S. Open",2025,"Oakmont Country Club",26,"U.S. Open","Oakmont Country Club","exact_name_year"
"R2025034","Travelers Championship",2025,"TPC River Highlands",34,"Travelers Championship","TPC River Highlands","exact_name_year"
"R2025524","Rocket Classic",2025,"Detroit Golf Club",524,"Rocket Classic","Detroit Golf Club","exact_name_year"
"R2025030","John Deere Classic",2025,"TPC Deere Run",30,"John Deere Classic","TPC Deere Run","exact_name_year"
"R2025541","Genesis Scottish Open",2025,"The Renaissance Club",541,"Genesis Scottish Open","The Renaissance Club","exact_name_year"
"R2025518","ISCO Championship",2025,"Hurstbourne Country Club",518,"ISCO Championship","Hurstbourne Country Club","exact_name_year"
"R2025100","The Open Championship",2025,"Royal Portrush Golf Club",100,"The Open Championship","Royal Portrush Golf Club","exact_name_year"
"R2025472","Barracuda Championship",2025,"Tahoe Mountain Club (Old Greenwood)",472,"Barracuda Championship","Tahoe Mountain Club (Old Greenwood)","exact_name_year"
"R2025525","3M Open",2025,"TPC Twin Cities",525,"3M Open","TPC Twin Cities","exact_name_year"
"R2025013","Wyndham Championship",2025,"Sedgefield Country Club",13,"Wyndham Championship","Sedgefield Country Club","exact_name_year"
"R2025027","FedEx St. Jude Championship",2025,"TPC Southwind",27,"FedEx St. Jude Championship","TPC Southwind","exact_name_year"
"R2025028","BMW Championship",2025,"Caves Valley Golf Club",28,"BMW Championship","Caves Valley Golf Club","exact_name_year"
"R2025060","TOUR Championship",2025,"East Lake Golf Club",60,"TOUR Championship","East Lake Golf Club","exact_name_year"
"R2025464","Procore Championship",2025,"Silverado Resort (North Course)",464,"Procore Championship","Silverado Resort (North Course)","exact_name_year"
"R2025468","Ryder Cup",2025,"Bethpage State Park (Black)",NA,NA,NA,"unmatched"
"R2025054","Sanderson Farms Championship",2025,"The Country Club of Jackson",54,"Sanderson Farms Championship","The Country Club of Jackson","exact_name_year"
"R2025527","Baycurrent Classic",2025,"Yokohama Country Club (West Course)",527,"Baycurrent Classic","Yokohama Country Club","exact_name_year"
"R2025554","Bank of Utah Championship",2025,"Black Desert Resort",554,"Bank of Utah Championship","Black Desert Resort","exact_name_year"
"R2025457","World Wide Technology Championship",2025,"El Cardonal at Diamante",457,"World Wide Technology Championship","El Cardonal at Diamante","exact_name_year"
"R2025528","Butterfield Bermuda Championship",2025,"Port Royal Golf Course",528,"Butterfield Bermuda Championship","Port Royal Golf Course","exact_name_year"
"R2025493","The RSM Classic",2025,"Sea Island Golf Club (Seaside Course)",493,"The RSM Classic","Sea Island Golf Club (Seaside Course)","exact_name_year"
"R2025478","Hero World Challenge",2025,"Albany GC",478,"Hero World Challenge","Albany GC","exact_name_year"
"R2025088","PGA TOUR Q-School presented by Korn Ferry",2025,"Dye's Valley Course",88,"PGA TOUR Q-School presented by Korn Ferry","Sawgrass Country Club","exact_name_year"
"R2025551","Grant Thornton Invitational",2025,"Tiburón Golf Club",NA,NA,NA,"unmatched"
"R2026006","Sony Open in Hawaii",2026,"Waialae Country Club",6,"Sony Open in Hawaii","Waialae Country Club","exact_name_year"
"R2026002","The American Express",2026,"Pete Dye Stadium Course",2,"The American Express","Pete Dye Stadium Course","exact_name_year"
"R2026004","Farmers Insurance Open",2026,"Torrey Pines Golf Course (South Course)",4,"Farmers Insurance Open","Torrey Pines Golf Course (North Course)","exact_name_year"
"R2026003","WM Phoenix Open",2026,"TPC Scottsdale (Stadium Course)",3,"WM Phoenix Open","TPC Scottsdale (Stadium Course)","exact_name_year"
"R2026005","AT&T Pebble Beach Pro-Am",2026,"Pebble Beach Golf Links",5,"AT&T Pebble Beach Pro-Am","Spyglass Hill Golf Course","exact_name_year"
"R2026007","The Genesis Invitational",2026,"The Riviera Country Club",7,"The Genesis Invitational","The Riviera Country Club","exact_name_year"
"R2026010","Cognizant Classic in The Palm Beaches",2026,"PGA National - Champion Course",10,"Cognizant Classic in The Palm Beaches","PGA National  - Champion Course","exact_name_year"
"R2026009","Arnold Palmer Invitational presented by Mastercard",2026,"Arnold Palmer's Bay Hill Club & Lodge",NA,NA,NA,"unmatched"
"R2026483","Puerto Rico Open",2026,"Grand Reserve Golf Club",NA,NA,NA,"unmatched"
"R2026011","THE PLAYERS Championship",2026,"TPC Sawgrass - THE PLAYERS Stadium Course",NA,NA,NA,"unmatched"
"R2026475","Valspar Championship",2026,"Innisbrook Resort and Golf Club - Copperhead Course",NA,NA,NA,"unmatched"
"R2026020","Texas Children's Houston Open",2026,"Memorial Park Golf Course",NA,NA,NA,"unmatched"
"R2026041","Valero Texas Open",2026,"TPC San Antonio - The Oaks Course",NA,NA,NA,"unmatched"
"R2026014","Masters Tournament",2026,"Augusta National Golf Club",NA,NA,NA,"unmatched"
"R2026012","RBC Heritage",2026,"Harbour Town Golf Links",NA,NA,NA,"unmatched"
"R2026018","Zurich Classic of New Orleans",2026,"TPC Louisiana",NA,NA,NA,"unmatched"
"R2026556","Cadillac Championship",2026,"Trump National Doral (Blue Monster)",NA,NA,NA,"unmatched"
"R2026480","Truist Championship",2026,"Quail Hollow Club",NA,NA,NA,"unmatched"
"R2026553","ONEflight Myrtle Beach Classic",2026,"Dunes Golf and Beach Club",NA,NA,NA,"unmatched"
"R2026033","PGA Championship",2026,"Aronimink Golf Club",NA,NA,NA,"unmatched"
"R2026019","THE CJ CUP Byron Nelson",2026,"TPC Craig Ranch",NA,NA,NA,"unmatched"
"R2026021","Charles Schwab Challenge",2026,"Colonial Country Club",NA,NA,NA,"unmatched"
"R2026023","the Memorial Tournament presented by Workday",2026,"Muirfield Village Golf Club",NA,NA,NA,"unmatched"
"R2026032","RBC Canadian Open",2026,"TPC Toronto at Osprey Valley (North Course)",NA,NA,NA,"unmatched"
"R2026026","U.S. Open",2026,"Shinnecock Hills Golf Club",NA,NA,NA,"unmatched"
"R2026034","Travelers Championship",2026,"TPC River Highlands",NA,NA,NA,"unmatched"
"R2026030","John Deere Classic",2026,"TPC Deere Run",NA,NA,NA,"unmatched"
"R2026541","Genesis Scottish Open",2026,"The Renaissance Club",NA,NA,NA,"unmatched"
"R2026518","ISCO Championship",2026,"Hurstbourne Country Club",NA,NA,NA,"unmatched"
"R2026100","The Open Championship",2026,"Royal Birkdale Golf Club",NA,NA,NA,"unmatched"
"R2026522","Corales Puntacana Championship",2026,"Puntacana Resort & Club (Corales Golf Course)",NA,NA,NA,"unmatched"
"R2026525","3M Open",2026,"TPC Twin Cities",NA,NA,NA,"unmatched"
"R2026524","Rocket Classic",2026,"Detroit Golf Club",NA,NA,NA,"unmatched"
"R2026013","Wyndham Championship",2026,"Sedgefield Country Club",NA,NA,NA,"unmatched"
"R2026027","FedEx St. Jude Championship",2026,"TPC Southwind",NA,NA,NA,"unmatched"
"R2026028","BMW Championship",2026,"Bellerive Country Club",NA,NA,NA,"unmatched"
"R2026060","TOUR Championship",2026,"East Lake Golf Club",NA,NA,NA,"unmatched"
"R2026557","Biltmore Championship Asheville",2026,"The Cliffs at Walnut Cove",NA,NA,NA,"unmatched"
"R2026500","Presidents Cup",2026,"Medinah CC (No. 3)",NA,NA,NA,"unmatched"
"R2026554","Bank of Utah Championship",2026,"Black Desert Resort",NA,NA,NA,"unmatched"
"R2026527","Baycurrent Classic",2026,"Yokohama Country Club (West Course)",NA,NA,NA,"unmatched"
"R2026528","Butterfield Bermuda Championship",2026,"Port Royal Golf Course",NA,NA,NA,"unmatched"
"R2026540","VidantaWorld Mexico Open",2026,"Vidanta Vallarta",NA,NA,NA,"unmatched"
"R2026457","World Wide Technology Championship",2026,"El Cardonal at Diamante",NA,NA,NA,"unmatched"
"R2026558","Good Good Championship",2026,"Omni Barton Creek Resort & Spa (Fazio Canyons Course)",NA,NA,NA,"unmatched"
"R2026493","The RSM Classic",2026,"Sea Island Golf Club (Seaside Course)",NA,NA,NA,"unmatched"
"R2026478","Hero World Challenge",2026,"Albany GC",NA,NA,NA,"unmatched"
"R2026551","Grant Thornton Invitational",2026,"Tiburón Golf Club",NA,NA,NA,"unmatched"
